ID завдання,Спроби,Вирішено на 100,Сумарні бали,Рівень
100044,26,8.0,1513.6,L1
100047,7,0.0,145.20000000000002,L2
100050,10,0.0,522.9000000000001,L3
